"id","nombre","direccion","email","telefono","porcComision"
"1","Juan Perez","Av. Beni nro 450","jperez@gmail.com","67705478","20"
"2","Ricardo Vaca","Av. Alemana nro 600","rvaca@gmail.com","6770444","20"
"3","Maria Menacho","Barrio Foianini calle nro 4","marim@gmail.com","67547521","25"
"4","Jorge Antelo","Av. Beni nro 450","antelo@gmail.com","67704521","30"
"5","Mario Marca","Av. Beni nro 450","marca@gmail.com","67704530","30"
"6","Luis F. Michaga","Barrio La Morita nro 600","lmichaga@gmail.com","67704548","45"
